{"cameraMode":{"drawMode":0,"name":"Shaded","section":"Shading Mode"},"sceneLighting":false,"audioPlay":false,"sceneViewState":{"showFog":true,"showMaterialUpdate":false,"showSkybox":true,"showFlares":true,"showImageEffects":true,"showParticleSystems":true},"in2DMode":false,"pivot":{"x":-22.5654239654541,"y":0.9600012302398682,"z":-9.149999618530274},"rotation":{"x":0.09226654469966889,"y":-0.9015322923660278,"z":0.2382008582353592,"w":0.3492662310600281},"size":4.206535816192627,"orthographic":false}