{"cameraMode":{"drawMode":0,"name":"Shaded","section":"Shading Mode"},"sceneLighting":true,"audioPlay":false,"sceneViewState":{"showFog":true,"showMaterialUpdate":false,"showSkybox":true,"showFlares":true,"showImageEffects":true,"showParticleSystems":true},"in2DMode":false,"pivot":{"x":9.5299711227417,"y":4.630882263183594,"z":-10.674089431762696},"rotation":{"x":-0.1383085399866104,"y":-0.860923171043396,"z":0.32582753896713259,"w":-0.36540189385414126},"size":26.320100784301759,"orthographic":false}